Validate as ewindow user I'm not able to get data while passing values via equals filterwithout double quotes for  buyer ,Given that I'm eWindow user trying to access data with equal filter without passing double quotes in values.,"Then I should not able to get data and response code should be 200 along with error msg as ""Double quotes are missing for parameter value: <FieldName> for example market_short_code or buyer"
Validate as ewindow user I'm not able to get data while passing values via equals filterwithout double quotes for  buyer_mnemonic ,Given that I'm eWindow user trying to access data with equal filter without passing double quotes in values.,"Then I should not able to get data and response code should be 200 along with error msg as ""Double quotes are missing for parameter value: <FieldName> for example market_short_code or buyer"
Validate as ewindow user I'm not able to get data while passing values via equals filterwithout double quotes for  buyer_parent ,Given that I'm eWindow user trying to access data with equal filter without passing double quotes in values.,"Then I should not able to get data and response code should be 200 along with error msg as ""Double quotes are missing for parameter value: <FieldName> for example market_short_code or buyer"
Validate as ewindow user I'm not able to get data while passing values via equals filterwithout double quotes for  c1_basis_period ,Given that I'm eWindow user trying to access data with equal filter without passing double quotes in values.,"Then I should not able to get data and response code should be 200 along with error msg as ""Double quotes are missing for parameter value: <FieldName> for example market_short_code or buyer"
Validate as ewindow user I'm not able to get data while passing values via equals filterwithout double quotes for  c1_percentage ,Given that I'm eWindow user trying to access data with equal filter without passing double quotes in values.,"Then I should not able to get data and response code should be 200 along with error msg as ""Double quotes are missing for parameter value: <FieldName> for example market_short_code or buyer"
Validate as ewindow user I'm not able to get data while passing values via equals filterwithout double quotes for  c1_price ,Given that I'm eWindow user trying to access data with equal filter without passing double quotes in values.,"Then I should not able to get data and response code should be 200 along with error msg as ""Double quotes are missing for parameter value: <FieldName> for example market_short_code or buyer"
Validate as ewindow user I'm not able to get data while passing values via equals filterwithout double quotes for  c2_percentage ,Given that I'm eWindow user trying to access data with equal filter without passing double quotes in values.,"Then I should not able to get data and response code should be 200 along with error msg as ""Double quotes are missing for parameter value: <FieldName> for example market_short_code or buyer"
Validate as ewindow user I'm not able to get data while passing values via equals filterwithout double quotes for  c2_price ,Given that I'm eWindow user trying to access data with equal filter without passing double quotes in values.,"Then I should not able to get data and response code should be 200 along with error msg as ""Double quotes are missing for parameter value: <FieldName> for example market_short_code or buyer"
Validate as ewindow user I'm not able to get data while passing values via equals filterwithout double quotes for  c3_percentage ,Given that I'm eWindow user trying to access data with equal filter without passing double quotes in values.,"Then I should not able to get data and response code should be 200 along with error msg as ""Double quotes are missing for parameter value: <FieldName> for example market_short_code or buyer"
Validate as ewindow user I'm not able to get data while passing values via equals filterwithout double quotes for  c3_price ,Given that I'm eWindow user trying to access data with equal filter without passing double quotes in values.,"Then I should not able to get data and response code should be 200 along with error msg as ""Double quotes are missing for parameter value: <FieldName> for example market_short_code or buyer"
Validate as ewindow user I'm not able to get data while passing values via equals filterwithout double quotes for  counterparty ,Given that I'm eWindow user trying to access data with equal filter without passing double quotes in values.,"Then I should not able to get data and response code should be 200 along with error msg as ""Double quotes are missing for parameter value: <FieldName> for example market_short_code or buyer"
Validate as ewindow user I'm not able to get data while passing values via equals filterwithout double quotes for  counterparty_mnemonic ,Given that I'm eWindow user trying to access data with equal filter without passing double quotes in values.,"Then I should not able to get data and response code should be 200 along with error msg as ""Double quotes are missing for parameter value: <FieldName> for example market_short_code or buyer"
Validate as ewindow user I'm not able to get data while passing values via equals filterwithout double quotes for  counterparty_parent ,Given that I'm eWindow user trying to access data with equal filter without passing double quotes in values.,"Then I should not able to get data and response code should be 200 along with error msg as ""Double quotes are missing for parameter value: <FieldName> for example market_short_code or buyer"
Validate as ewindow user I'm not able to get data while passing values via equals filterwithout double quotes for  deal_begin ,Given that I'm eWindow user trying to access data with equal filter without passing double quotes in values.,"Then I should not able to get data and response code should be 200 along with error msg as ""Double quotes are missing for parameter value: <FieldName> for example market_short_code or buyer"
Validate as ewindow user I'm not able to get data while passing values via equals filterwithout double quotes for  deal_end ,Given that I'm eWindow user trying to access data with equal filter without passing double quotes in values.,"Then I should not able to get data and response code should be 200 along with error msg as ""Double quotes are missing for parameter value: <FieldName> for example market_short_code or buyer"
Validate as ewindow user I'm not able to get data while passing values via equals filterwithout double quotes for  deal_id ,Given that I'm eWindow user trying to access data with equal filter without passing double quotes in values.,"Then I should not able to get data and response code should be 200 along with error msg as ""Double quotes are missing for parameter value: <FieldName> for example market_short_code or buyer"
Validate as ewindow user I'm not able to get data while passing values via equals filterwithout double quotes for  deal_quantity ,Given that I'm eWindow user trying to access data with equal filter without passing double quotes in values.,"Then I should not able to get data and response code should be 200 along with error msg as ""Double quotes are missing for parameter value: <FieldName> for example market_short_code or buyer"
Validate as ewindow user I'm not able to get data while passing values via equals filterwithout double quotes for  deal_quantity_max ,Given that I'm eWindow user trying to access data with equal filter without passing double quotes in values.,"Then I should not able to get data and response code should be 200 along with error msg as ""Double quotes are missing for parameter value: <FieldName> for example market_short_code or buyer"
Validate as ewindow user I'm not able to get data while passing values via equals filterwithout double quotes for  deal_quantity_min ,Given that I'm eWindow user trying to access data with equal filter without passing double quotes in values.,"Then I should not able to get data and response code should be 200 along with error msg as ""Double quotes are missing for parameter value: <FieldName> for example market_short_code or buyer"
Validate as ewindow user I'm not able to get data while passing values via equals filterwithout double quotes for  deal_terms ,Given that I'm eWindow user trying to access data with equal filter without passing double quotes in values.,"Then I should not able to get data and response code should be 200 along with error msg as ""Double quotes are missing for parameter value: <FieldName> for example market_short_code or buyer"
Validate as ewindow user I'm not able to get data while passing values via equals filterwithout double quotes for  hub ,Given that I'm eWindow user trying to access data with equal filter without passing double quotes in values.,"Then I should not able to get data and response code should be 200 along with error msg as ""Double quotes are missing for parameter value: <FieldName> for example market_short_code or buyer"
Validate as ewindow user I'm not able to get data while passing values via equals filterwithout double quotes for  lot_size ,Given that I'm eWindow user trying to access data with equal filter without passing double quotes in values.,"Then I should not able to get data and response code should be 200 along with error msg as ""Double quotes are missing for parameter value: <FieldName> for example market_short_code or buyer"
Validate as ewindow user I'm not able to get data while passing values via equals filterwithout double quotes for  lot_unit ,Given that I'm eWindow user trying to access data with equal filter without passing double quotes in values.,"Then I should not able to get data and response code should be 200 along with error msg as ""Double quotes are missing for parameter value: <FieldName> for example market_short_code or buyer"
Validate as ewindow user I'm not able to get data while passing values via equals filterwithout double quotes for  market ,Given that I'm eWindow user trying to access data with equal filter without passing double quotes in values.,"Then I should not able to get data and response code should be 200 along with error msg as ""Double quotes are missing for parameter value: <FieldName> for example market_short_code or buyer"
Validate as ewindow user I'm not able to get data while passing values via equals filterwithout double quotes for  market_maker ,Given that I'm eWindow user trying to access data with equal filter without passing double quotes in values.,"Then I should not able to get data and response code should be 200 along with error msg as ""Double quotes are missing for parameter value: <FieldName> for example market_short_code or buyer"
Validate as ewindow user I'm not able to get data while passing values via equals filterwithout double quotes for  market_maker_mnemonic ,Given that I'm eWindow user trying to access data with equal filter without passing double quotes in values.,"Then I should not able to get data and response code should be 200 along with error msg as ""Double quotes are missing for parameter value: <FieldName> for example market_short_code or buyer"
Validate as ewindow user I'm not able to get data while passing values via equals filterwithout double quotes for  market_maker_parent ,Given that I'm eWindow user trying to access data with equal filter without passing double quotes in values.,"Then I should not able to get data and response code should be 200 along with error msg as ""Double quotes are missing for parameter value: <FieldName> for example market_short_code or buyer"
Validate as ewindow user I'm not able to get data while passing values via equals filterwithout double quotes for  market_short_code ,Given that I'm eWindow user trying to access data with equal filter without passing double quotes in values.,"Then I should not able to get data and response code should be 200 along with error msg as ""Double quotes are missing for parameter value: <FieldName> for example market_short_code or buyer"
Validate as ewindow user I'm not able to get data while passing values via equals filterwithout double quotes for  market_type ,Given that I'm eWindow user trying to access data with equal filter without passing double quotes in values.,"Then I should not able to get data and response code should be 200 along with error msg as ""Double quotes are missing for parameter value: <FieldName> for example market_short_code or buyer"
Validate as ewindow user I'm not able to get data while passing values via equals filterwithout double quotes for  oco_order_id ,Given that I'm eWindow user trying to access data with equal filter without passing double quotes in values.,"Then I should not able to get data and response code should be 200 along with error msg as ""Double quotes are missing for parameter value: <FieldName> for example market_short_code or buyer"
Validate as ewindow user I'm not able to get data while passing values via equals filterwithout double quotes for  order_begin ,Given that I'm eWindow user trying to access data with equal filter without passing double quotes in values.,"Then I should not able to get data and response code should be 200 along with error msg as ""Double quotes are missing for parameter value: <FieldName> for example market_short_code or buyer"
Validate as ewindow user I'm not able to get data while passing values via equals filterwithout double quotes for  order_cancelled ,Given that I'm eWindow user trying to access data with equal filter without passing double quotes in values.,"Then I should not able to get data and response code should be 200 along with error msg as ""Double quotes are missing for parameter value: <FieldName> for example market_short_code or buyer"
Validate as ewindow user I'm not able to get data while passing values via equals filterwithout double quotes for  order_classification ,Given that I'm eWindow user trying to access data with equal filter without passing double quotes in values.,"Then I should not able to get data and response code should be 200 along with error msg as ""Double quotes are missing for parameter value: <FieldName> for example market_short_code or buyer"
Validate as ewindow user I'm not able to get data while passing values via equals filterwithout double quotes for  order_date ,Given that I'm eWindow user trying to access data with equal filter without passing double quotes in values.,"Then I should not able to get data and response code should be 200 along with error msg as ""Double quotes are missing for parameter value: <FieldName> for example market_short_code or buyer"
Validate as ewindow user I'm not able to get data while passing values via equals filterwithout double quotes for  order_derived ,Given that I'm eWindow user trying to access data with equal filter without passing double quotes in values.,"Then I should not able to get data and response code should be 200 along with error msg as ""Double quotes are missing for parameter value: <FieldName> for example market_short_code or buyer"
Validate as ewindow user I'm not able to get data while passing values via equals filterwithout double quotes for  order_end ,Given that I'm eWindow user trying to access data with equal filter without passing double quotes in values.,"Then I should not able to get data and response code should be 200 along with error msg as ""Double quotes are missing for parameter value: <FieldName> for example market_short_code or buyer"
Validate as ewindow user I'm not able to get data while passing values via equals filterwithout double quotes for  order_id ,Given that I'm eWindow user trying to access data with equal filter without passing double quotes in values.,"Then I should not able to get data and response code should be 200 along with error msg as ""Double quotes are missing for parameter value: <FieldName> for example market_short_code or buyer"
Validate as ewindow user I'm not able to get data while passing values via equals filterwithout double quotes for  order_platts_id ,Given that I'm eWindow user trying to access data with equal filter without passing double quotes in values.,"Then I should not able to get data and response code should be 200 along with error msg as ""Double quotes are missing for parameter value: <FieldName> for example market_short_code or buyer"
Validate as ewindow user I'm not able to get data while passing values via equals filterwithout double quotes for  order_quantity ,Given that I'm eWindow user trying to access data with equal filter without passing double quotes in values.,"Then I should not able to get data and response code should be 200 along with error msg as ""Double quotes are missing for parameter value: <FieldName> for example market_short_code or buyer"
Validate as ewindow user I'm not able to get data while passing values via equals filterwithout double quotes for  order_quantity_total ,Given that I'm eWindow user trying to access data with equal filter without passing double quotes in values.,"Then I should not able to get data and response code should be 200 along with error msg as ""Double quotes are missing for parameter value: <FieldName> for example market_short_code or buyer"
Validate as ewindow user I'm not able to get data while passing values via equals filterwithout double quotes for  order_repeat ,Given that I'm eWindow user trying to access data with equal filter without passing double quotes in values.,"Then I should not able to get data and response code should be 200 along with error msg as ""Double quotes are missing for parameter value: <FieldName> for example market_short_code or buyer"
Validate as ewindow user I'm not able to get data while passing values via equals filterwithout double quotes for  order_sequence ,Given that I'm eWindow user trying to access data with equal filter without passing double quotes in values.,"Then I should not able to get data and response code should be 200 along with error msg as ""Double quotes are missing for parameter value: <FieldName> for example market_short_code or buyer"
Validate as ewindow user I'm not able to get data while passing values via equals filterwithout double quotes for  order_spread ,Given that I'm eWindow user trying to access data with equal filter without passing double quotes in values.,"Then I should not able to get data and response code should be 200 along with error msg as ""Double quotes are missing for parameter value: <FieldName> for example market_short_code or buyer"
Validate as ewindow user I'm not able to get data while passing values via equals filterwithout double quotes for  order_state ,Given that I'm eWindow user trying to access data with equal filter without passing double quotes in values.,"Then I should not able to get data and response code should be 200 along with error msg as ""Double quotes are missing for parameter value: <FieldName> for example market_short_code or buyer"
Validate as ewindow user I'm not able to get data while passing values via equals filterwithout double quotes for  order_state_detail ,Given that I'm eWindow user trying to access data with equal filter without passing double quotes in values.,"Then I should not able to get data and response code should be 200 along with error msg as ""Double quotes are missing for parameter value: <FieldName> for example market_short_code or buyer"
Validate as ewindow user I'm not able to get data while passing values via equals filterwithout double quotes for  order_time ,Given that I'm eWindow user trying to access data with equal filter without passing double quotes in values.,"Then I should not able to get data and response code should be 200 along with error msg as ""Double quotes are missing for parameter value: <FieldName> for example market_short_code or buyer"
Validate as ewindow user I'm not able to get data while passing values via equals filterwithout double quotes for  order_type ,Given that I'm eWindow user trying to access data with equal filter without passing double quotes in values.,"Then I should not able to get data and response code should be 200 along with error msg as ""Double quotes are missing for parameter value: <FieldName> for example market_short_code or buyer"
Validate as ewindow user I'm not able to get data while passing values via equals filterwithout double quotes for  parent_deal_id ,Given that I'm eWindow user trying to access data with equal filter without passing double quotes in values.,"Then I should not able to get data and response code should be 200 along with error msg as ""Double quotes are missing for parameter value: <FieldName> for example market_short_code or buyer"
Validate as ewindow user I'm not able to get data while passing values via equals filterwithout double quotes for  price ,Given that I'm eWindow user trying to access data with equal filter without passing double quotes in values.,"Then I should not able to get data and response code should be 200 along with error msg as ""Double quotes are missing for parameter value: <FieldName> for example market_short_code or buyer"
Validate as ewindow user I'm not able to get data while passing values via equals filterwithout double quotes for  price_unit ,Given that I'm eWindow user trying to access data with equal filter without passing double quotes in values.,"Then I should not able to get data and response code should be 200 along with error msg as ""Double quotes are missing for parameter value: <FieldName> for example market_short_code or buyer"
Validate as ewindow user I'm not able to get data while passing values via equals filterwithout double quotes for  product ,Given that I'm eWindow user trying to access data with equal filter without passing double quotes in values.,"Then I should not able to get data and response code should be 200 along with error msg as ""Double quotes are missing for parameter value: <FieldName> for example market_short_code or buyer"
Validate as ewindow user I'm not able to get data while passing values via equals filterwithout double quotes for  reference_order_id ,Given that I'm eWindow user trying to access data with equal filter without passing double quotes in values.,"Then I should not able to get data and response code should be 200 along with error msg as ""Double quotes are missing for parameter value: <FieldName> for example market_short_code or buyer"
Validate as ewindow user I'm not able to get data while passing values via equals filterwithout double quotes for  seller ,Given that I'm eWindow user trying to access data with equal filter without passing double quotes in values.,"Then I should not able to get data and response code should be 200 along with error msg as ""Double quotes are missing for parameter value: <FieldName> for example market_short_code or buyer"
Validate as ewindow user I'm not able to get data while passing values via equals filterwithout double quotes for  seller_mnemonic ,Given that I'm eWindow user trying to access data with equal filter without passing double quotes in values.,"Then I should not able to get data and response code should be 200 along with error msg as ""Double quotes are missing for parameter value: <FieldName> for example market_short_code or buyer"
Validate as ewindow user I'm not able to get data while passing values via equals filterwithout double quotes for  seller_parent ,Given that I'm eWindow user trying to access data with equal filter without passing double quotes in values.,"Then I should not able to get data and response code should be 200 along with error msg as ""Double quotes are missing for parameter value: <FieldName> for example market_short_code or buyer"
Validate as ewindow user I'm not able to get data while passing values via equals filterwithout double quotes for  strip ,Given that I'm eWindow user trying to access data with equal filter without passing double quotes in values.,"Then I should not able to get data and response code should be 200 along with error msg as ""Double quotes are missing for parameter value: <FieldName> for example market_short_code or buyer"
Validate as ewindow user I'm not able to get data while passing values via equals filterwithout double quotes for  update_time ,Given that I'm eWindow user trying to access data with equal filter without passing double quotes in values.,"Then I should not able to get data and response code should be 200 along with error msg as ""Double quotes are missing for parameter value: <FieldName> for example market_short_code or buyer"
Validate as ewindow user I'm not able to get data while passing values via equals filterwithout double quotes for  window_region ,Given that I'm eWindow user trying to access data with equal filter without passing double quotes in values.,"Then I should not able to get data and response code should be 200 along with error msg as ""Double quotes are missing for parameter value: <FieldName> for example market_short_code or buyer"
Validate as ewindow user I'm not able to get data while passing values via equals filterwithout double quotes for  window_state ,Given that I'm eWindow user trying to access data with equal filter without passing double quotes in values.,"Then I should not able to get data and response code should be 200 along with error msg as ""Double quotes are missing for parameter value: <FieldName> for example market_short_code or buyer"
